{"overrepresentation": {
    "reference": "",
    "upload_lists": {"input_list": {
        "organism": "Homo sapiens",
        "list_name": "upload_1"
    }},
    "tool_release_date": 20200728,
    "data_version_release_date": "GO Ontology database DOI:  10.5281/zenodo.4081749 Released 2020-10-09",
    "annotation_type": "GO biological process complete",
    "correction": "FDR",
    "test_type": "FISHER",
    "group": {"result": [
        {
            "input_list": {
                "number_in_list": 6,
                "fold_enrichment": 14.019741320626276,
                "fdr": 0.007164133440309094,
                "expected": 0.42796795338674437,
                "pValue": 5.87038983447956E-6,
                "mapped_id_list": {"mapped_id": [
                    "Krt82",
                    "Krt18",
                    "Krt8",
                    "Dsc2",
                    "Krt72",
                    "Krt84"
                ]},
                "list_name": "upload_1",
                "plus_minus": "+"
            },
            "number_in_reference": 113,
            "term": {
                "level": 0,
                "id": "GO:0070268",
                "label": "cornification"
            }
        },
        {
            "input_list": {
                "number_in_list": 22,
                "fold_enrichment": 25.70285908781484,
                "fdr": 2.6477020564303308E-20,
                "expected": 0.8559359067734887,
                "pValue": 1.6688950875703314E-24,
                "mapped_id_list": {"mapped_id": [
                    "Krtap19-5",
                    "Krt18",
                    "Krtap19-1",
                    "Krtap6-2",
                    "Krtap5-2",
                    "Krtap5-1",
                    "Krtap19-4",
                    "Krtap3-2",
                    "Krt8",
                    "Krtap26-1",
                    "Krtap16-1",
                    "Krtap17-1",
                    "Krtap12-1",
                    "Krtap10-4",
                    "Krt82",
                    "Krtap21-1",
                    "Krtap5-5",
                    "Krtap6-3",
                    "Krtap5-4",
                    "Dsc2",
                    "Krt72",
                    "Krt84"
                ]},
                "list_name": "upload_1",
                "plus_minus": "+"
            },
            "number_in_reference": 226,
            "term": {
                "level": 1,
                "id": "GO:0031424",
                "label": "keratinization"
            }
        },
        {
            "input_list": {
                "number_in_list": 45,
                "fold_enrichment": 1.7042069376406725,
                "fdr": 0.020648650837279344,
                "expected": 26.405243991260015,
                "pValue": 1.952283407243556E-5,
                "mapped_id_list": {"mapped_id": [
                    "Atoh7",
                    "Crym",
                    "Krtap26-1",
                    "Chac1",
                    "Adamts16",
                    "Stox1",
                    "Fgf5",
                    "Krt82",
                    "Tm4sf1",
                    "Gja3",
                    "Abhd2",
                    "Cryba4",
                    "Krtap5-5",
                    "Slc4a1",
                    "Krtap6-3",
                    "Krtap5-4",
                    "Ggt1",
                    "Slc5a5",
                    "Krt84",
                    "Krtap19-5",
                    "Capn8",
                    "Krt18",
                    "Brd1",
                    "Krtap19-1",
                    "Krtap6-2",
                    "Krtap5-2",
                    "Krtap5-1",
                    "Krtap19-4",
                    "Krtap3-2",
                    "Krt8",
                    "Krtap16-1",
                    "Krtap17-1",
                    "Krtap12-1",
                    "Kcne1",
                    "Cntn2",
                    "Krtap10-4",
                    "Krtap21-1",
                    "Elf5",
                    "Crisp1",
                    "Ahsp",
                    "Kalrn",
                    "Foxn1",
                    "Lrat",
                    "Dsc2",
                    "Krt72"
                ]},
                "list_name": "upload_1",
                "plus_minus": "+"
            },
            "number_in_reference": 6972,
            "term": {
                "level": 2,
                "id": "GO:0032501",
                "label": "multicellular organismal process"
            }
        },
        {
            "input_list": {
                "number_in_list": 23,
                "fold_enrichment": 22.575779239348012,
                "fdr": 1.6050096163559264E-20,
                "expected": 1.018790968681719,
                "pValue": 2.0233339002280825E-24,
                "mapped_id_list": {"mapped_id": [
                    "Krtap19-5",
                    "Krt18",
                    "Krtap19-1",
                    "Krtap6-2",
                    "Krtap5-2",
                    "Krtap5-1",
                    "Krtap19-4",
                    "Krtap3-2",
                    "Krt8",
                    "Krtap26-1",
                    "Krtap16-1",
                    "Krtap17-1",
                    "Krtap12-1",
                    "Krtap10-4",
                    "Krt82",
                    "Krtap21-1",
                    "Krtap5-5",
                    "Krtap6-3",
                    "Krtap5-4",
                    "Foxn1",
                    "Dsc2",
                    "Krt72",
                    "Krt84"
                ]},
                "list_name": "upload_1",
                "plus_minus": "+"
            },
            "number_in_reference": 269,
            "term": {
                "level": 2,
                "id": "GO:0030216",
                "label": "keratinocyte differentiation"
            }
        },
        {
            "input_list": {
                "number_in_list": 23,
                "fold_enrichment": 19.037255847600676,
                "fdr": 4.0716929075922677E-19,
                "expected": 1.2081573197378004,
                "pValue": 7.699387786181408E-23,
                "mapped_id_list": {"mapped_id": [
                    "Krtap19-5",
                    "Krt18",
                    "Krtap19-1",
                    "Krtap6-2",
                    "Krtap5-2",
                    "Krtap5-1",
                    "Krtap19-4",
                    "Krtap3-2",
                    "Krt8",
                    "Krtap26-1",
                    "Krtap16-1",
                    "Krtap17-1",
                    "Krtap12-1",
                    "Krtap10-4",
                    "Krt82",
                    "Krtap21-1",
                    "Krtap5-5",
                    "Krtap6-3",
                    "Krtap5-4",
                    "Foxn1",
                    "Dsc2",
                    "Krt72",
                    "Krt84"
                ]},
                "list_name": "upload_1",
                "plus_minus": "+"
            },
            "number_in_reference": 319,
            "term": {
                "level": 3,
                "id": "GO:0009913",
                "label": "epidermal cell differentiation"
            }
        },
        {
            "input_list": {
                "number_in_list": 24,
                "fold_enrichment": 9.27807185493862,
                "fdr": 1.638390376529535E-13,
                "expected": 2.5867443554260743,
                "pValue": 6.196244726868711E-17,
                "mapped_id_list": {"mapped_id": [
                    "Krtap19-5",
                    "Krt18",
                    "Krtap19-1",
                    "Krtap6-2",
                    "Krtap5-2",
                    "Krtap5-1",
                    "Krtap19-4",
                    "Krtap3-2",
                    "Krt8",
                    "Krtap26-1",
                    "Krtap16-1",
                    "Krtap17-1",
                    "Krtap12-1",
                    "Krtap10-4",
                    "Krt82",
                    "Krtap21-1",
                    "Elf5",
                    "Krtap5-5",
                    "Krtap6-3",
                    "Krtap5-4",
                    "Foxn1",
                    "Dsc2",
                    "Krt72",
                    "Krt84"
                ]},
                "list_name": "upload_1",
                "plus_minus": "+"
            },
            "number_in_reference": 683,
            "term": {
                "level": 4,
                "id": "GO:0030855",
                "label": "epithelial cell differentiation"
            }
        },
        {
            "input_list": {
                "number_in_list": 25,
                "fold_enrichment": 5.888458107459,
                "fdr": 6.940235150029695E-10,
                "expected": 4.245593590677348,
                "pValue": 3.0621901071672145E-13,
                "mapped_id_list": {"mapped_id": [
                    "Krtap26-1",
                    "Adamts16",
                    "Krt82",
                    "Krtap5-5",
                    "Krtap6-3",
                    "Krtap5-4",
                    "Krt84",
                    "Krtap19-5",
                    "Krt18",
                    "Krtap19-1",
                    "Krtap6-2",
                    "Krtap5-2",
                    "Krtap5-1",
                    "Krtap19-4",
                    "Krtap3-2",
                    "Krt8",
                    "Krtap16-1",
                    "Krtap17-1",
                    "Krtap12-1",
                    "Krtap10-4",
                    "Krtap21-1",
                    "Elf5",
                    "Foxn1",
                    "Dsc2",
                    "Krt72"
                ]},
                "list_name": "upload_1",
                "plus_minus": "+"
            },
            "number_in_reference": 1121,
            "term": {
                "level": 5,
                "id": "GO:0060429",
                "label": "epithelium development"
            }
        },
        {
            "input_list": {
                "number_in_list": 26,
                "fold_enrichment": 3.8961407491486946,
                "fdr": 1.5695041783827415E-6,
                "expected": 6.673270211216315,
                "pValue": 7.914297779427628E-10,
                "mapped_id_list": {"mapped_id": [
                    "Krtap26-1",
                    "Adamts16",
                    "Krt82",
                    "Tm4sf4",
                    "Krtap5-5",
                    "Krtap6-3",
                    "Krtap5-4",
                    "Krt84",
                    "Krtap19-5",
                    "Krt18",
                    "Krtap19-1",
                    "Krtap6-2",
                    "Krtap5-2",
                    "Krtap5-1",
                    "Krtap19-4",
                    "Krtap3-2",
                    "Krt8",
                    "Krtap16-1",
                    "Krtap17-1",
                    "Krtap12-1",
                    "Krtap10-4",
                    "Krtap21-1",
                    "Elf5",
                    "Foxn1",
                    "Dsc2",
                    "Krt72"
                ]},
                "list_name": "upload_1",
                "plus_minus": "+"
            },
            "number_in_reference": 1762,
            "term": {
                "level": 6,
                "id": "GO:0009888",
                "label": "tissue development"
            }
        },
        {
            "input_list": {
                "number_in_list": 38,
                "fold_enrichment": 1.895251518409811,
                "fdr": 0.014713804484553157,
                "expected": 20.050109249817915,
                "pValue": 1.298413254230975E-5,
                "mapped_id_list": {"mapped_id": [
                    "Atoh7",
                    "Krtap26-1",
                    "Chac1",
                    "Adamts16",
                    "Stox1",
                    "Fgf5",
                    "Krt82",
                    "Tm4sf1",
                    "Tm4sf4",
                    "Abhd2",
                    "Cryba4",
                    "Krtap5-5",
                    "Slc4a1",
                    "Krtap6-3",
                    "Krtap5-4",
                    "Krt84",
                    "Krtap19-5",
                    "Krt18",
                    "Brd1",
                    "Krtap19-1",
                    "Krtap6-2",
                    "Krtap5-2",
                    "Krtap5-1",
                    "Krtap19-4",
                    "Krtap3-2",
                    "Krt8",
                    "Krtap16-1",
                    "Krtap17-1",
                    "Krtap12-1",
                    "Cntn2",
                    "Krtap10-4",
                    "Krtap21-1",
                    "Elf5",
                    "Ahsp",
                    "Kalrn",
                    "Foxn1",
                    "Dsc2",
                    "Krt72"
                ]},
                "list_name": "upload_1",
                "plus_minus": "+"
            },
            "number_in_reference": 5294,
            "term": {
                "level": 7,
                "id": "GO:0048856",
                "label": "anatomical structure development"
            }
        },
        {
            "input_list": {
                "number_in_list": 39,
                "fold_enrichment": 1.788692027097447,
                "fdr": 0.037397530806270375,
                "expected": 21.80364166059723,
                "pValue": 4.007299235465467E-5,
                "mapped_id_list": {"mapped_id": [
                    "Atoh7",
                    "Krtap26-1",
                    "Chac1",
                    "Adamts16",
                    "Stox1",
                    "Fgf5",
                    "Krt82",
                    "Tm4sf1",
                    "Tm4sf4",
                    "Abhd2",
                    "Cryba4",
                    "Krtap5-5",
                    "Slc4a1",
                    "Krtap6-3",
                    "Krtap5-4",
                    "Ggt1",
                    "Krt84",
                    "Krtap19-5",
                    "Krt18",
                    "Brd1",
                    "Krtap19-1",
                    "Krtap6-2",
                    "Krtap5-2",
                    "Krtap5-1",
                    "Krtap19-4",
                    "Krtap3-2",
                    "Krt8",
                    "Krtap16-1",
                    "Krtap17-1",
                    "Krtap12-1",
                    "Cntn2",
                    "Krtap10-4",
                    "Krtap21-1",
                    "Elf5",
                    "Ahsp",
                    "Kalrn",
                    "Foxn1",
                    "Dsc2",
                    "Krt72"
                ]},
                "list_name": "upload_1",
                "plus_minus": "+"
            },
            "number_in_reference": 5757,
            "term": {
                "level": 8,
                "id": "GO:0032502",
                "label": "developmental process"
            }
        },
        {
            "input_list": {
                "number_in_list": 33,
                "fold_enrichment": 2.4634631695700397,
                "fdr": 2.9699636098999874E-4,
                "expected": 13.395775673707211,
                "pValue": 1.872022445572006E-7,
                "mapped_id_list": {"mapped_id": [
                    "Atoh7",
                    "Krtap26-1",
                    "Chac1",
                    "Fgf5",
                    "Krt82",
                    "Abhd2",
                    "Krtap5-5",
                    "Slc4a1",
                    "Krtap6-3",
                    "Krtap5-4",
                    "Krt84",
                    "Krtap19-5",
                    "Krt18",
                    "Brd1",
                    "Krtap19-1",
                    "Krtap6-2",
                    "Krtap5-2",
                    "Krtap5-1",
                    "Krtap19-4",
                    "Krtap3-2",
                    "Krt8",
                    "Krtap16-1",
                    "Krtap17-1",
                    "Krtap12-1",
                    "Cntn2",
                    "Krtap10-4",
                    "Krtap21-1",
                    "Elf5",
                    "Ahsp",
                    "Kalrn",
                    "Foxn1",
                    "Dsc2",
                    "Krt72"
                ]},
                "list_name": "upload_1",
                "plus_minus": "+"
            },
            "number_in_reference": 3537,
            "term": {
                "level": 5,
                "id": "GO:0030154",
                "label": "cell differentiation"
            }
        },
        {
            "input_list": {
                "number_in_list": 33,
                "fold_enrichment": 2.42506797405211,
                "fdr": 3.928759630013327E-4,
                "expected": 13.60786598689002,
                "pValue": 2.7240060466527953E-7,
                "mapped_id_list": {"mapped_id": [
                    "Atoh7",
                    "Krtap26-1",
                    "Chac1",
                    "Fgf5",
                    "Krt82",
                    "Abhd2",
                    "Krtap5-5",
                    "Slc4a1",
                    "Krtap6-3",
                    "Krtap5-4",
                    "Krt84",
                    "Krtap19-5",
                    "Krt18",
                    "Brd1",
                    "Krtap19-1",
                    "Krtap6-2",
                    "Krtap5-2",
                    "Krtap5-1",
                    "Krtap19-4",
                    "Krtap3-2",
                    "Krt8",
                    "Krtap16-1",
                    "Krtap17-1",
                    "Krtap12-1",
                    "Cntn2",
                    "Krtap10-4",
                    "Krtap21-1",
                    "Elf5",
                    "Ahsp",
                    "Kalrn",
                    "Foxn1",
                    "Dsc2",
                    "Krt72"
                ]},
                "list_name": "upload_1",
                "plus_minus": "+"
            },
            "number_in_reference": 3593,
            "term": {
                "level": 6,
                "id": "GO:0048869",
                "label": "cellular developmental process"
            }
        },
        {
            "input_list": {
                "number_in_list": 23,
                "fold_enrichment": 14.356701218403348,
                "fdr": 1.00167945166502E-16,
                "expected": 1.60203932993445,
                "pValue": 3.156884499417019E-20,
                "mapped_id_list": {"mapped_id": [
                    "Krtap19-5",
                    "Krt18",
                    "Krtap19-1",
                    "Krtap6-2",
                    "Krtap5-2",
                    "Krtap5-1",
                    "Krtap19-4",
                    "Krtap3-2",
                    "Krt8",
                    "Krtap26-1",
                    "Krtap16-1",
                    "Krtap17-1",
                    "Krtap12-1",
                    "Krtap10-4",
                    "Krt82",
                    "Krtap21-1",
                    "Krtap5-5",
                    "Krtap6-3",
                    "Krtap5-4",
                    "Foxn1",
                    "Dsc2",
                    "Krt72",
                    "Krt84"
                ]},
                "list_name": "upload_1",
                "plus_minus": "+"
            },
            "number_in_reference": 423,
            "term": {
                "level": 4,
                "id": "GO:0008544",
                "label": "epidermis development"
            }
        },
        {
            "input_list": {
                "number_in_list": 23,
                "fold_enrichment": 15.939329699172218,
                "fdr": 1.3507236210626593E-17,
                "expected": 1.4429715950473416,
                "pValue": 3.405543324456752E-21,
                "mapped_id_list": {"mapped_id": [
                    "Krtap19-5",
                    "Krt18",
                    "Krtap19-1",
                    "Krtap6-2",
                    "Krtap5-2",
                    "Krtap5-1",
                    "Krtap19-4",
                    "Krtap3-2",
                    "Krt8",
                    "Krtap26-1",
                    "Krtap16-1",
                    "Krtap17-1",
                    "Krtap12-1",
                    "Krtap10-4",
                    "Krt82",
                    "Krtap21-1",
                    "Krtap5-5",
                    "Krtap6-3",
                    "Krtap5-4",
                    "Foxn1",
                    "Dsc2",
                    "Krt72",
                    "Krt84"
                ]},
                "list_name": "upload_1",
                "plus_minus": "+"
            },
            "number_in_reference": 381,
            "term": {
                "level": 3,
                "id": "GO:0043588",
                "label": "skin development"
            }
        },
        {
            "input_list": {
                "number_in_list": 34,
                "fold_enrichment": 2.767357488380916,
                "fdr": 9.833349316003417E-6,
                "expected": 12.286088856518573,
                "pValue": 5.578326116862954E-9,
                "mapped_id_list": {"mapped_id": [
                    "Atoh7",
                    "Krtap26-1",
                    "Adamts16",
                    "Stox1",
                    "Fgf5",
                    "Krt82",
                    "Cryba4",
                    "Krtap5-5",
                    "Slc4a1",
                    "Krtap6-3",
                    "Krtap5-4",
                    "Krt84",
                    "Krtap19-5",
                    "Krt18",
                    "Brd1",
                    "Krtap19-1",
                    "Krtap6-2",
                    "Krtap5-2",
                    "Krtap5-1",
                    "Krtap19-4",
                    "Krtap3-2",
                    "Krt8",
                    "Krtap16-1",
                    "Krtap17-1",
                    "Krtap12-1",
                    "Cntn2",
                    "Krtap10-4",
                    "Krtap21-1",
                    "Elf5",
                    "Ahsp",
                    "Kalrn",
                    "Foxn1",
                    "Dsc2",
                    "Krt72"
                ]},
                "list_name": "upload_1",
                "plus_minus": "+"
            },
            "number_in_reference": 3244,
            "term": {
                "level": 4,
                "id": "GO:0048513",
                "label": "animal organ development"
            }
        },
        {
            "input_list": {
                "number_in_list": 35,
                "fold_enrichment": 2.142672421480676,
                "fdr": 0.0028593187047507265,
                "expected": 16.334741442097595,
                "pValue": 2.1627371230386837E-6,
                "mapped_id_list": {"mapped_id": [
                    "Atoh7",
                    "Krtap26-1",
                    "Chac1",
                    "Adamts16",
                    "Stox1",
                    "Fgf5",
                    "Krt82",
                    "Cryba4",
                    "Krtap5-5",
                    "Slc4a1",
                    "Krtap6-3",
                    "Krtap5-4",
                    "Krt84",
                    "Krtap19-5",
                    "Krt18",
                    "Brd1",
                    "Krtap19-1",
                    "Krtap6-2",
                    "Krtap5-2",
                    "Krtap5-1",
                    "Krtap19-4",
                    "Krtap3-2",
                    "Krt8",
                    "Krtap16-1",
                    "Krtap17-1",
                    "Krtap12-1",
                    "Cntn2",
                    "Krtap10-4",
                    "Krtap21-1",
                    "Elf5",
                    "Ahsp",
                    "Kalrn",
                    "Foxn1",
                    "Dsc2",
                    "Krt72"
                ]},
                "list_name": "upload_1",
                "plus_minus": "+"
            },
            "number_in_reference": 4313,
            "term": {
                "level": 5,
                "id": "GO:0048731",
                "label": "system development"
            }
        },
        {
            "input_list": {
                "number_in_list": 36,
                "fold_enrichment": 1.9402703848509115,
                "fdr": 0.022590972601893043,
                "expected": 18.554115076474872,
                "pValue": 2.278320590168854E-5,
                "mapped_id_list": {"mapped_id": [
                    "Atoh7",
                    "Krtap26-1",
                    "Chac1",
                    "Adamts16",
                    "Stox1",
                    "Fgf5",
                    "Krt82",
                    "Tm4sf1",
                    "Cryba4",
                    "Krtap5-5",
                    "Slc4a1",
                    "Krtap6-3",
                    "Krtap5-4",
                    "Krt84",
                    "Krtap19-5",
                    "Krt18",
                    "Brd1",
                    "Krtap19-1",
                    "Krtap6-2",
                    "Krtap5-2",
                    "Krtap5-1",
                    "Krtap19-4",
                    "Krtap3-2",
                    "Krt8",
                    "Krtap16-1",
                    "Krtap17-1",
                    "Krtap12-1",
                    "Cntn2",
                    "Krtap10-4",
                    "Krtap21-1",
                    "Elf5",
                    "Ahsp",
                    "Kalrn",
                    "Foxn1",
                    "Dsc2",
                    "Krt72"
                ]},
                "list_name": "upload_1",
                "plus_minus": "+"
            },
            "number_in_reference": 4899,
            "term": {
                "level": 6,
                "id": "GO:0007275",
                "label": "multicellular organism development"
            }
        }
    ]}
}}